{
  "step": "03_head_sweep_L23",
  "results": {
    "layer": 23,
    "n_heads": 8,
    "head_dim": 256,
    "baseline_summary": {
      "mean_delta": 3.6762790685892104,
      "mean_s_gps": 9.692364668548107,
      "mean_s_normal": 6.016085599958896,
      "mean_s_control": 1.2467495799064636
    },
    "baseline_per_template": {
      "RR": 1.3940539757410686,
      "NV": 5.453080061078071,
      "NP_S": 1.823135793209076,
      "NP_Z": 6.323204445838928,
      "COORD": 5.381788158416748
    },
    "per_head": [
      {
        "head": 0,
        "summary_under_ablation": {
          "mean_delta": 3.6933888122439384,
          "mean_s_gps": 9.707174715697766,
          "mean_s_normal": 6.013785903453827,
          "mean_s_control": 1.2536103092133999
        },
        "effect_drop": 0.01710974365472806,
        "control_inflation": 0.006860729306936264,
        "per_template_drop": {
          "RR": 0.04689433475335436,
          "NV": -0.053810867667198004,
          "NP_S": 0.024920493364334106,
          "NP_Z": 0.03619534969329852,
          "COORD": 0.015804481506346946
        }
      },
      {
        "head": 1,
        "summary_under_ablation": {
          "mean_delta": 3.705368136167526,
          "mean_s_gps": 9.699309613704681,
          "mean_s_normal": 5.993941477537155,
          "mean_s_control": 1.2494365964084864
        },
        "effect_drop": 0.029089067578315753,
        "control_inflation": 0.0026870165020227432,
        "per_template_drop": {
          "RR": 0.05542086561520887,
          "NV": 0.004215586185455145,
          "NP_S": 0.025066345930099487,
          "NP_Z": 0.013745903968811035,
          "COORD": 0.03857240676879847
        }
      },
      {
        "head": 2,
        "summary_under_ablation": {
          "mean_delta": 3.679784460067749,
          "mean_s_gps": 9.680214194357395,
          "mean_s_normal": 6.000429734289646,
          "mean_s_control": 1.253567349165678
        },
        "effect_drop": 0.0035053914785385665,
        "control_inflation": 0.006817769259214401,
        "per_template_drop": {
          "RR": 0.06461087663968401,
          "NV": -0.04798781275749153,
          "NP_S": 0.01956438422203055,
          "NP_Z": 0.013342475891113814,
          "COORD": -0.1286168098449707
        }
      },
      {
        "head": 3,
        "summary_under_ablation": {
          "mean_delta": 3.6924796453118325,
          "mean_s_gps": 9.695652568042279,
          "mean_s_normal": 6.003172922730446,
          "mean_s_control": 1.2546242363750935
        },
        "effect_drop": 0.016200576722622095,
        "control_inflation": 0.007874656468629837,
        "per_template_drop": {
          "RR": 0.04948881169160191,
          "NV": -0.05153611004352587,
          "NP_S": 0.027627336978912398,
          "NP_Z": -0.028696656227111816,
          "COORD": 0.11875019073486293
        }
      },
      {
        "head": 4,
        "summary_under_ablation": {
          "mean_delta": 3.6916283148527147,
          "mean_s_gps": 9.693639576137066,
          "mean_s_normal": 6.002011261284351,
          "mean_s_control": 1.2488862220197916
        },
        "effect_drop": 0.015349246263504313,
        "control_inflation": 0.00213664211332798,
        "per_template_drop": {
          "RR": 0.03898966312408447,
          "NV": -0.040887224674224676,
          "NP_S": 0.051788097620010465,
          "NP_Z": 0.006698393821716664,
          "COORD": 0.0013249397277830255
        }
      },
      {
        "head": 5,
        "summary_under_ablation": {
          "mean_delta": 3.419380647838116,
          "mean_s_gps": 9.426711324751377,
          "mean_s_normal": 6.007330676913261,
          "mean_s_control": 1.2462869193404913
        },
        "effect_drop": -0.2568984207510945,
        "control_inflation": -0.0004626605659723282,
        "per_template_drop": {
          "RR": -0.14004852473735818,
          "NV": -0.08601742684841174,
          "NP_S": -0.16315999031066886,
          "NP_Z": -0.5285564899444575,
          "COORD": -0.5933708190917972
        }
      },
      {
        "head": 6,
        "summary_under_ablation": {
          "mean_delta": 3.682505401074886,
          "mean_s_gps": 9.69856806755066,
          "mean_s_normal": 6.016062666475773,
          "mean_s_control": 1.2501603420823812
        },
        "effect_drop": 0.006226332485675723,
        "control_inflation": 0.0034107621759176254,
        "per_template_drop": {
          "RR": 0.031692631045977304,
          "NV": -0.06009146869182569,
          "NP_S": 0.02921127080917363,
          "NP_Z": -0.0091641426086424,
          "COORD": 0.047274112701416016
        }
      },
      {
        "head": 7,
        "summary_under_ablation": {
          "mean_delta": 3.679073063135147,
          "mean_s_gps": 9.697715166509152,
          "mean_s_normal": 6.018642103374004,
          "mean_s_control": 1.2661208622157574
        },
        "effect_drop": 0.002793994545936762,
        "control_inflation": 0.019371282309293747,
        "per_template_drop": {
          "RR": 0.03220094641049687,
          "NV": -0.05964753627777064,
          "NP_S": 0.043855637311935425,
          "NP_Z": -0.021940541267395197,
          "COORD": 0.006801986694335405
        }
      }
    ]
  }
}