{
  "step": "03_head_sweep_L2",
  "results": {
    "layer": 2,
    "n_heads": 8,
    "head_dim": 256,
    "baseline_summary": {
      "mean_delta": 3.6762790685892104,
      "mean_s_gps": 9.692364668548107,
      "mean_s_normal": 6.016085599958896,
      "mean_s_control": 1.2467495799064636
    },
    "baseline_per_template": {
      "RR": 1.3940539757410686,
      "NV": 5.453080061078071,
      "NP_S": 1.823135793209076,
      "NP_Z": 6.323204445838928,
      "COORD": 5.381788158416748
    },
    "per_head": [
      {
        "head": 0,
        "summary_under_ablation": {
          "mean_delta": 3.6724168241024016,
          "mean_s_gps": 9.679735513925552,
          "mean_s_normal": 6.00731868982315,
          "mean_s_control": 1.242896605283022
        },
        "effect_drop": -0.00386224448680883,
        "control_inflation": -0.003852974623441696,
        "per_template_drop": {
          "RR": 0.05264062881469722,
          "NV": -0.11044051945209521,
          "NP_S": 0.003545278310775668,
          "NP_Z": 0.012428665161133168,
          "COORD": -0.007611179351806996
        }
      },
      {
        "head": 1,
        "summary_under_ablation": {
          "mean_delta": 3.588751706779003,
          "mean_s_gps": 9.60563473790884,
          "mean_s_normal": 6.016883031129837,
          "mean_s_control": 1.2421958316117525
        },
        "effect_drop": -0.08752736181020726,
        "control_inflation": -0.004553748294711113,
        "per_template_drop": {
          "RR": 0.1753979235887526,
          "NV": -0.04284113943576795,
          "NP_S": -0.24055079817771907,
          "NP_Z": -0.45578918457031214,
          "COORD": 0.07689485549926722
        }
      },
      {
        "head": 2,
        "summary_under_ablation": {
          "mean_delta": 3.6073254030942916,
          "mean_s_gps": 9.701510932445526,
          "mean_s_normal": 6.094185529351234,
          "mean_s_control": 1.2339207660406828
        },
        "effect_drop": -0.06895366549491877,
        "control_inflation": -0.01282881386578083,
        "per_template_drop": {
          "RR": 0.1108729163805644,
          "NV": -0.10699294209480303,
          "NP_S": -0.0035306036472320113,
          "NP_Z": -0.21971414089202845,
          "COORD": -0.3616800308227539
        }
      },
      {
        "head": 3,
        "summary_under_ablation": {
          "mean_delta": 3.711705285012722,
          "mean_s_gps": 9.69186371833086,
          "mean_s_normal": 5.980158433318138,
          "mean_s_control": 1.244101345539093
        },
        "effect_drop": 0.035426216423511736,
        "control_inflation": -0.0026482343673706055,
        "per_template_drop": {
          "RR": 0.13388372162977857,
          "NV": 0.05074674189090711,
          "NP_S": 0.08123655319213863,
          "NP_Z": -0.11840014457702619,
          "COORD": -0.07455530166626012
        }
      },
      {
        "head": 4,
        "summary_under_ablation": {
          "mean_delta": 3.676610300540924,
          "mean_s_gps": 9.700605996847152,
          "mean_s_normal": 6.023995696306229,
          "mean_s_control": 1.2612961549311876
        },
        "effect_drop": 0.0003312319517134732,
        "control_inflation": 0.014546575024724007,
        "per_template_drop": {
          "RR": 0.017865248521168997,
          "NV": 0.008603158593177618,
          "NP_S": 0.014782989025115878,
          "NP_Z": -0.01437129974365181,
          "COORD": -0.0683131217956543
        }
      },
      {
        "head": 5,
        "summary_under_ablation": {
          "mean_delta": 3.684521481692791,
          "mean_s_gps": 9.67356750935316,
          "mean_s_normal": 5.98904602766037,
          "mean_s_control": 1.3496046960353851
        },
        "effect_drop": 0.008242413103580759,
        "control_inflation": 0.10285511612892151,
        "per_template_drop": {
          "RR": 0.0929494669040043,
          "NV": -0.10993353724479693,
          "NP_S": 0.04068370461463933,
          "NP_Z": -0.0367745637893675,
          "COORD": 0.015624523162841797
        }
      },
      {
        "head": 6,
        "summary_under_ablation": {
          "mean_delta": 3.6657984659075735,
          "mean_s_gps": 9.662704581320286,
          "mean_s_normal": 5.996906115412712,
          "mean_s_control": 1.2185888420790434
        },
        "effect_drop": -0.010480602681636864,
        "control_inflation": -0.028160737827420235,
        "per_template_drop": {
          "RR": -0.04547926684220638,
          "NV": -0.028755119442939403,
          "NP_S": 0.012105047702789307,
          "NP_Z": 0.05871241092681867,
          "COORD": -0.05249290466308665
        }
      },
      {
        "head": 7,
        "summary_under_ablation": {
          "mean_delta": 3.6866986390948298,
          "mean_s_gps": 9.679081449210644,
          "mean_s_normal": 5.9923828101158145,
          "mean_s_control": 1.2464084178209305
        },
        "effect_drop": 0.010419570505619369,
        "control_inflation": -0.0003411620855331421,
        "per_template_drop": {
          "RR": 0.05014181435108167,
          "NV": -0.12728415429592133,
          "NP_S": 0.032629549503326416,
          "NP_Z": 0.04901723861694318,
          "COORD": 0.04504499435424769
        }
      }
    ]
  }
}