{
  "step": "03_head_sweep_L21",
  "results": {
    "layer": 21,
    "n_heads": 8,
    "head_dim": 256,
    "baseline_summary": {
      "mean_delta": 3.6762790685892104,
      "mean_s_gps": 9.692364668548107,
      "mean_s_normal": 6.016085599958896,
      "mean_s_control": 1.2467495799064636
    },
    "baseline_per_template": {
      "RR": 1.3940539757410686,
      "NV": 5.453080061078071,
      "NP_S": 1.823135793209076,
      "NP_Z": 6.323204445838928,
      "COORD": 5.381788158416748
    },
    "per_head": [
      {
        "head": 0,
        "summary_under_ablation": {
          "mean_delta": 3.6846070620417595,
          "mean_s_gps": 9.700298503637313,
          "mean_s_normal": 6.015691441595554,
          "mean_s_control": 1.240707227960229
        },
        "effect_drop": 0.008327993452549087,
        "control_inflation": -0.006042351946234703,
        "per_template_drop": {
          "RR": 0.023898731668790196,
          "NV": -0.040116611123084844,
          "NP_S": 0.01894262433052063,
          "NP_Z": 0.0052492618560791016,
          "COORD": 0.043433189392089844
        }
      },
      {
        "head": 1,
        "summary_under_ablation": {
          "mean_delta": 3.68500563621521,
          "mean_s_gps": 9.694383884370326,
          "mean_s_normal": 6.009378248155117,
          "mean_s_control": 1.3124648854136467
        },
        "effect_drop": 0.00872656762599977,
        "control_inflation": 0.06571530550718307,
        "per_template_drop": {
          "RR": 0.056687891483306885,
          "NV": -0.10623584687709808,
          "NP_S": 0.009264433383941562,
          "NP_Z": -0.018271684646606445,
          "COORD": 0.14768819808959943
        }
      },
      {
        "head": 2,
        "summary_under_ablation": {
          "mean_delta": 3.7038036131858827,
          "mean_s_gps": 9.695317221581936,
          "mean_s_normal": 5.991513608396053,
          "mean_s_control": 1.2434402238577604
        },
        "effect_drop": 0.027524544596672307,
        "control_inflation": -0.0033093560487031937,
        "per_template_drop": {
          "RR": 0.0801350891590118,
          "NV": -0.09662916660308785,
          "NP_S": -0.005197548866271884,
          "NP_Z": 0.01783488988876325,
          "COORD": 0.2028238296508782
        }
      },
      {
        "head": 3,
        "summary_under_ablation": {
          "mean_delta": 3.4617826065421102,
          "mean_s_gps": 9.541916154623031,
          "mean_s_normal": 6.080133548080921,
          "mean_s_control": 1.2157547324895859
        },
        "effect_drop": -0.21449646204710016,
        "control_inflation": -0.030994847416877747,
        "per_template_drop": {
          "RR": -0.0038298259178797256,
          "NV": -0.044054082036018016,
          "NP_S": -0.29723840951919556,
          "NP_Z": -0.8116879940032957,
          "COORD": 0.1724858283996582
        }
      },
      {
        "head": 4,
        "summary_under_ablation": {
          "mean_delta": 3.857197350859642,
          "mean_s_gps": 9.999391571581363,
          "mean_s_normal": 6.142194220721722,
          "mean_s_control": 1.234323998913169
        },
        "effect_drop": 0.1809182822704316,
        "control_inflation": -0.012425580993294716,
        "per_template_drop": {
          "RR": 0.06255474289258323,
          "NV": -0.006963333487510326,
          "NP_S": 0.48251156806945783,
          "NP_Z": 0.42355396747589147,
          "COORD": -0.17668581008911133
        }
      },
      {
        "head": 5,
        "summary_under_ablation": {
          "mean_delta": 3.4580904948711395,
          "mean_s_gps": 9.29944431990385,
          "mean_s_normal": 5.841353825032711,
          "mean_s_control": 1.2755512818694115
        },
        "effect_drop": -0.21818857371807088,
        "control_inflation": 0.028801701962947845,
        "per_template_drop": {
          "RR": 0.016009030739466246,
          "NV": -0.06059157848358154,
          "NP_S": -0.1547391295433045,
          "NP_Z": -0.3859263181686403,
          "COORD": -1.0273987770080568
        }
      },
      {
        "head": 6,
        "summary_under_ablation": {
          "mean_delta": 3.6794450306892394,
          "mean_s_gps": 9.687793033719062,
          "mean_s_normal": 6.008348003029823,
          "mean_s_control": 1.2576481886208057
        },
        "effect_drop": 0.0031659621000290628,
        "control_inflation": 0.010898608714342117,
        "per_template_drop": {
          "RR": 0.03550740281740827,
          "NV": -0.048011714220046464,
          "NP_S": 0.004753828048706055,
          "NP_Z": -0.02669241428375191,
          "COORD": 0.06503801345825178
        }
      },
      {
        "head": 7,
        "summary_under_ablation": {
          "mean_delta": 3.7137209668755533,
          "mean_s_gps": 9.807851074039936,
          "mean_s_normal": 6.094130107164383,
          "mean_s_control": 1.237153159454465
        },
        "effect_drop": 0.03744189828634292,
        "control_inflation": -0.00959642045199871,
        "per_template_drop": {
          "RR": 0.02311069269975019,
          "NV": -0.020118179917335333,
          "NP_S": 0.23394798636436454,
          "NP_Z": 0.008069610595703658,
          "COORD": -0.13871192932128906
        }
      }
    ]
  }
}