{
  "step": "03_head_sweep_L16",
  "results": {
    "layer": 16,
    "n_heads": 4,
    "head_dim": 256,
    "baseline_summary": {
      "mean_delta": 3.8370977792143823,
      "mean_s_gps": 10.156803838908672,
      "mean_s_normal": 6.3197060596942904,
      "mean_s_control": 1.3135772850364447
    },
    "baseline_per_template": {
      "RR": 1.446284611026446,
      "NV": 5.4062973141670225,
      "NP_S": 2.042571800947189,
      "NP_Z": 7.084973263740539,
      "COORD": 4.96443920135498
    },
    "per_head": [
      {
        "head": 0,
        "summary_under_ablation": {
          "mean_delta": 4.109101655483246,
          "mean_s_gps": 10.526238639354705,
          "mean_s_normal": 6.41713698387146,
          "mean_s_control": 1.3791696205735207
        },
        "effect_drop": 0.2720038762688639,
        "control_inflation": 0.065592335537076,
        "per_template_drop": {
          "RR": 0.11693483293056484,
          "NV": 0.3048217058181768,
          "NP_S": 0.18656229376792943,
          "NP_Z": 0.3730875253677368,
          "COORD": 0.6402912139892578
        }
      },
      {
        "head": 1,
        "summary_under_ablation": {
          "mean_delta": 3.0397224366664886,
          "mean_s_gps": 9.498717524409294,
          "mean_s_normal": 6.458995087742806,
          "mean_s_control": 1.4290320705622435
        },
        "effect_drop": -0.7973753425478938,
        "control_inflation": 0.1154547855257988,
        "per_template_drop": {
          "RR": -0.27852114140987405,
          "NV": -0.4744412988424296,
          "NP_S": 0.17874794006347683,
          "NP_Z": -1.328298807144165,
          "COORD": -3.890205669403076
        }
      },
      {
        "head": 2,
        "summary_under_ablation": {
          "mean_delta": 3.8071720477938653,
          "mean_s_gps": 10.100726674497128,
          "mean_s_normal": 6.293554626703262,
          "mean_s_control": 1.2983752451837063
        },
        "effect_drop": -0.02992573142051702,
        "control_inflation": -0.01520203985273838,
        "per_template_drop": {
          "RR": -0.0038199583689371153,
          "NV": -0.14712658524513245,
          "NP_S": -0.1150702595710753,
          "NP_Z": -0.06745584011077899,
          "COORD": 0.37150793075561506
        }
      },
      {
        "head": 3,
        "summary_under_ablation": {
          "mean_delta": 3.812798567712307,
          "mean_s_gps": 10.171915232241155,
          "mean_s_normal": 6.359116664528846,
          "mean_s_control": 1.3920300332829356
        },
        "effect_drop": -0.02429921150207548,
        "control_inflation": 0.07845274824649096,
        "per_template_drop": {
          "RR": -0.05263296365737924,
          "NV": 0.03025336861610395,
          "NP_S": -0.16591678857803327,
          "NP_Z": -0.0868380069732666,
          "COORD": 0.3599096298217779
        }
      }
    ]
  }
}