{
  "step": "03_head_sweep_L10",
  "results": {
    "layer": 10,
    "n_heads": 4,
    "head_dim": 256,
    "baseline_summary": {
      "mean_delta": 3.8370977792143823,
      "mean_s_gps": 10.156803838908672,
      "mean_s_normal": 6.3197060596942904,
      "mean_s_control": 1.3135772850364447
    },
    "baseline_per_template": {
      "RR": 1.446284611026446,
      "NV": 5.4062973141670225,
      "NP_S": 2.042571800947189,
      "NP_Z": 7.084973263740539,
      "COORD": 4.96443920135498
    },
    "per_head": [
      {
        "head": 0,
        "summary_under_ablation": {
          "mean_delta": 3.5640300425887106,
          "mean_s_gps": 10.037374316751958,
          "mean_s_normal": 6.473344274163246,
          "mean_s_control": 1.2415165826678276
        },
        "effect_drop": -0.27306773662567174,
        "control_inflation": -0.07206070236861706,
        "per_template_drop": {
          "RR": -0.09458470940589914,
          "NV": -0.10670945942401833,
          "NP_S": -0.07863293886184675,
          "NP_Z": -0.576772308349609,
          "COORD": -0.922693824768066
        }
      },
      {
        "head": 1,
        "summary_under_ablation": {
          "mean_delta": 3.630220702290535,
          "mean_s_gps": 9.966734304428101,
          "mean_s_normal": 6.336513602137566,
          "mean_s_control": 1.401575243100524
        },
        "effect_drop": -0.20687707692384727,
        "control_inflation": 0.08799795806407928,
        "per_template_drop": {
          "RR": -0.2406496753295262,
          "NV": -0.12705283463001216,
          "NP_S": -0.16047960519790627,
          "NP_Z": -0.15960990190505964,
          "COORD": -0.45253705978393555
        }
      },
      {
        "head": 2,
        "summary_under_ablation": {
          "mean_delta": 3.7010944211483,
          "mean_s_gps": 9.972664435505868,
          "mean_s_normal": 6.271570014357567,
          "mean_s_control": 1.3697755420580506
        },
        "effect_drop": -0.13600335806608221,
        "control_inflation": 0.05619825702160597,
        "per_template_drop": {
          "RR": 0.06491318245728817,
          "NV": -0.11123043298721313,
          "NP_S": -0.015873879194259644,
          "NP_Z": -0.4710564255714411,
          "COORD": -0.3584516525268553
        }
      },
      {
        "head": 3,
        "summary_under_ablation": {
          "mean_delta": 3.7966967126727105,
          "mean_s_gps": 10.17576857715845,
          "mean_s_normal": 6.3790718644857405,
          "mean_s_control": 1.3402252085506916
        },
        "effect_drop": -0.04040106654167186,
        "control_inflation": 0.02664792351424694,
        "per_template_drop": {
          "RR": -0.14151176015535993,
          "NV": -0.019769290089606706,
          "NP_S": -0.05347268581390363,
          "NP_Z": 0.037379682064056396,
          "COORD": 0.0922492027282713
        }
      }
    ]
  }
}