{
  "step": "03_head_sweep_L2",
  "results": {
    "layer": 2,
    "n_heads": 4,
    "head_dim": 256,
    "baseline_summary": {
      "mean_delta": 3.8370977792143823,
      "mean_s_gps": 10.156803838908672,
      "mean_s_normal": 6.3197060596942904,
      "mean_s_control": 1.3135772850364447
    },
    "baseline_per_template": {
      "RR": 1.446284611026446,
      "NV": 5.4062973141670225,
      "NP_S": 2.042571800947189,
      "NP_Z": 7.084973263740539,
      "COORD": 4.96443920135498
    },
    "per_head": [
      {
        "head": 0,
        "summary_under_ablation": {
          "mean_delta": 3.785752958506346,
          "mean_s_gps": 10.078418596237897,
          "mean_s_normal": 6.292665637731552,
          "mean_s_control": 1.4685490410774946
        },
        "effect_drop": -0.051344820708036476,
        "control_inflation": 0.15497175604104996,
        "per_template_drop": {
          "RR": -0.24999129126469288,
          "NV": -0.03315266966819763,
          "NP_S": 0.07609140872955322,
          "NP_Z": 0.1952692389488222,
          "COORD": -0.2398902893066408
        }
      },
      {
        "head": 1,
        "summary_under_ablation": {
          "mean_delta": 3.8760190919041633,
          "mean_s_gps": 10.133559873700142,
          "mean_s_normal": 6.257540781795979,
          "mean_s_control": 1.4034566869959235
        },
        "effect_drop": 0.03892131268978094,
        "control_inflation": 0.08987940195947886,
        "per_template_drop": {
          "RR": 0.032179057598114014,
          "NV": 0.25223309099674207,
          "NP_S": -0.068431496620178,
          "NP_Z": -0.16511769294738787,
          "COORD": 0.2553081512451172
        }
      },
      {
        "head": 2,
        "summary_under_ablation": {
          "mean_delta": 3.764744437634945,
          "mean_s_gps": 10.159931776225568,
          "mean_s_normal": 6.395187338590622,
          "mean_s_control": 1.3648899365216494
        },
        "effect_drop": -0.07235334157943729,
        "control_inflation": 0.0513126514852047,
        "per_template_drop": {
          "RR": -0.07217257221539808,
          "NV": -0.047966679930686595,
          "NP_S": -0.1689871430397032,
          "NP_Z": -0.02656934261321986,
          "COORD": -0.0199693679809565
        }
      },
      {
        "head": 3,
        "summary_under_ablation": {
          "mean_delta": 3.407964708209038,
          "mean_s_gps": 10.235220701098442,
          "mean_s_normal": 6.8272559928894045,
          "mean_s_control": 1.3850800972431898
        },
        "effect_drop": -0.4291330710053445,
        "control_inflation": 0.07150281220674515,
        "per_template_drop": {
          "RR": 0.6147377361853918,
          "NV": -1.831866508722305,
          "NP_S": -0.0755943834781645,
          "NP_Z": -0.3411855101585388,
          "COORD": -1.6382511138916014
        }
      }
    ]
  }
}