{
  "step": "03_head_sweep_L25",
  "results": {
    "layer": 25,
    "n_heads": 32,
    "head_dim": 128,
    "baseline_summary": {
      "mean_delta": 4.172096813432872,
      "mean_s_gps": 9.582277607023716,
      "mean_s_normal": 5.410180793590843,
      "mean_s_control": 1.0920208373572677
    },
    "baseline_per_template": {
      "RR": 2.1911066370705763,
      "NV": 5.39866152703762,
      "NP_S": 2.1785386979579924,
      "NP_Z": 6.603512586094439,
      "COORD": 6.78622260093689
    },
    "per_head": [
      {
        "head": 0,
        "summary_under_ablation": {
          "mean_delta": 4.173941835276782,
          "mean_s_gps": 9.583907768130302,
          "mean_s_normal": 5.40996593285352,
          "mean_s_control": 1.0929040545597672
        },
        "effect_drop": 0.0018450218439101107,
        "control_inflation": 0.0008832172024995089,
        "per_template_drop": {
          "RR": -0.0018705415229001154,
          "NV": 0.0008654475212095392,
          "NP_S": 0.003975552320480524,
          "NP_Z": 0.005766681954264996,
          "COORD": 0.0028464794158935547
        }
      },
      {
        "head": 1,
        "summary_under_ablation": {
          "mean_delta": 4.171427708864212,
          "mean_s_gps": 9.580864726454019,
          "mean_s_normal": 5.409437017589807,
          "mean_s_control": 1.0923088751733303
        },
        "effect_drop": -0.0006691045686597619,
        "control_inflation": 0.0002880378160625696,
        "per_template_drop": {
          "RR": -0.005289190510908703,
          "NV": 0.005941236019134877,
          "NP_S": -0.00358870029449454,
          "NP_Z": 0.002321677096188246,
          "COORD": -0.00017189979553222656
        }
      },
      {
        "head": 2,
        "summary_under_ablation": {
          "mean_delta": 4.1701537465304135,
          "mean_s_gps": 9.581997529864312,
          "mean_s_normal": 5.4118437833338975,
          "mean_s_control": 1.0919000166468322
        },
        "effect_drop": -0.0019430669024584901,
        "control_inflation": -0.00012082071043550968,
        "per_template_drop": {
          "RR": -8.328258991330273e-06,
          "NV": -0.0023674100637434137,
          "NP_S": -0.0017483890056606555,
          "NP_Z": -0.0032889502122994685,
          "COORD": -0.004596185684204279
        }
      },
      {
        "head": 3,
        "summary_under_ablation": {
          "mean_delta": 4.16220631826669,
          "mean_s_gps": 9.581544508635998,
          "mean_s_normal": 5.419338190369308,
          "mean_s_control": 1.0906895089428872
        },
        "effect_drop": -0.009890495166182234,
        "control_inflation": -0.0013313284143805504,
        "per_template_drop": {
          "RR": -0.008594929426908315,
          "NV": 0.00706040561199206,
          "NP_S": -0.047772359848022194,
          "NP_Z": 0.002587202936410904,
          "COORD": 0.003129339218139293
        }
      },
      {
        "head": 4,
        "summary_under_ablation": {
          "mean_delta": 4.166419992148876,
          "mean_s_gps": 9.574079999774694,
          "mean_s_normal": 5.407660007625818,
          "mean_s_control": 1.0866957735270262
        },
        "effect_drop": -0.005676821283995714,
        "control_inflation": -0.005325063830241561,
        "per_template_drop": {
          "RR": 0.05204700380563754,
          "NV": -0.10171034038066828,
          "NP_S": -0.010386109352111816,
          "NP_Z": -0.014568333141506074,
          "COORD": 0.04042034149169904
        }
      },
      {
        "head": 5,
        "summary_under_ablation": {
          "mean_delta": 4.165766460485757,
          "mean_s_gps": 9.576910598576069,
          "mean_s_normal": 5.411144138090313,
          "mean_s_control": 1.0828910758718848
        },
        "effect_drop": -0.006330352947115259,
        "control_inflation": -0.009129761485382915,
        "per_template_drop": {
          "RR": 0.014443591982126414,
          "NV": -0.002853715419768754,
          "NP_S": 0.007376408576965421,
          "NP_Z": -0.015864896029233577,
          "COORD": -0.08394989967346245
        }
      },
      {
        "head": 6,
        "summary_under_ablation": {
          "mean_delta": 4.160832170061767,
          "mean_s_gps": 9.555552098751068,
          "mean_s_normal": 5.394719928689301,
          "mean_s_control": 1.0937979342415929
        },
        "effect_drop": -0.011264643371104555,
        "control_inflation": 0.0017770968843251467,
        "per_template_drop": {
          "RR": -0.05273139998316756,
          "NV": -0.018748265504837214,
          "NP_S": 0.023249566555023193,
          "NP_Z": 0.014184204116463484,
          "COORD": 0.008176755905150657
        }
      },
      {
        "head": 7,
        "summary_under_ablation": {
          "mean_delta": 3.9952598679810762,
          "mean_s_gps": 9.538677351027728,
          "mean_s_normal": 5.5434174830466505,
          "mean_s_control": 1.0927325799129903
        },
        "effect_drop": -0.17683694545179574,
        "control_inflation": 0.0007117425557225943,
        "per_template_drop": {
          "RR": 0.01004040613770485,
          "NV": -0.7165100902318953,
          "NP_S": -0.0311126708984375,
          "NP_Z": -0.0712803063914178,
          "COORD": -0.16068453788757342
        }
      },
      {
        "head": 8,
        "summary_under_ablation": {
          "mean_delta": 4.169166898056865,
          "mean_s_gps": 9.583906911313534,
          "mean_s_normal": 5.414740013256669,
          "mean_s_control": 1.09223753772676
        },
        "effect_drop": -0.002929915376006953,
        "control_inflation": 0.0002167003694921732,
        "per_template_drop": {
          "RR": -0.014378894368807238,
          "NV": 0.008553695678711115,
          "NP_S": 0.008541911840438843,
          "NP_Z": 0.0003720587119460106,
          "COORD": -0.021097803115845082
        }
      },
      {
        "head": 9,
        "summary_under_ablation": {
          "mean_delta": 4.149995592944324,
          "mean_s_gps": 9.599779976010323,
          "mean_s_normal": 5.449784383065999,
          "mean_s_control": 1.0809484862256795
        },
        "effect_drop": -0.02210122048854757,
        "control_inflation": -0.01107235113158822,
        "per_template_drop": {
          "RR": -0.02441814516981422,
          "NV": 0.0025425523519517768,
          "NP_S": -0.005681264400482,
          "NP_Z": -0.03504435755312407,
          "COORD": -0.0713916301727302
        }
      },
      {
        "head": 10,
        "summary_under_ablation": {
          "mean_delta": 4.157091498710215,
          "mean_s_gps": 9.561087378561497,
          "mean_s_normal": 5.403995879851282,
          "mean_s_control": 1.0916962614282966
        },
        "effect_drop": -0.015005314722657204,
        "control_inflation": -0.0003245759289711714,
        "per_template_drop": {
          "RR": 0.010078134139378747,
          "NV": 0.007309624552727101,
          "NP_S": -0.017879533767700018,
          "NP_Z": -0.07009470053017175,
          "COORD": -0.018958330154418945
        }
      },
      {
        "head": 11,
        "summary_under_ablation": {
          "mean_delta": 4.1426260590553285,
          "mean_s_gps": 9.55745384812355,
          "mean_s_normal": 5.414827789068222,
          "mean_s_control": 1.1013530164491385
        },
        "effect_drop": -0.02947075437754343,
        "control_inflation": 0.009332179091870785,
        "per_template_drop": {
          "RR": -0.011305540800094604,
          "NV": -0.0014537900686262262,
          "NP_S": -0.04695046544074977,
          "NP_Z": -0.03529277797788399,
          "COORD": -0.09339685440063494
        }
      },
      {
        "head": 12,
        "summary_under_ablation": {
          "mean_delta": 4.175471045337617,
          "mean_s_gps": 9.577667295038701,
          "mean_s_normal": 5.402196249701083,
          "mean_s_control": 1.0931757907383144
        },