{
  "step": "03_head_sweep_L23",
  "results": {
    "layer": 23,
    "n_heads": 32,
    "head_dim": 128,
    "baseline_summary": {
      "mean_delta": 4.172096813432872,
      "mean_s_gps": 9.582277607023716,
      "mean_s_normal": 5.410180793590843,
      "mean_s_control": 1.0920208373572677
    },
    "baseline_per_template": {
      "RR": 2.1911066370705763,
      "NV": 5.39866152703762,
      "NP_S": 2.1785386979579924,
      "NP_Z": 6.603512586094439,
      "COORD": 6.78622260093689
    },
    "per_head": [
      {
        "head": 0,
        "summary_under_ablation": {
          "mean_delta": 4.036572681479156,
          "mean_s_gps": 9.547507402449845,
          "mean_s_normal": 5.51093472097069,
          "mean_s_control": 1.080847100354731
        },
        "effect_drop": -0.1355241319537157,
        "control_inflation": -0.011173737002536654,
        "per_template_drop": {
          "RR": -0.03057696024576817,
          "NV": -0.05730449259281123,
          "NP_S": -0.49541420936584446,
          "NP_Z": 0.009464482963084997,
          "COORD": -0.17700200080871653
        }
      },
      {
        "head": 1,
        "summary_under_ablation": {
          "mean_delta": 4.2254233991727235,
          "mean_s_gps": 9.633896207511425,
          "mean_s_normal": 5.4084728083387015,
          "mean_s_control": 1.101479192264378
        },
        "effect_drop": 0.053326585739851495,
        "control_inflation": 0.009458354907110333,
        "per_template_drop": {
          "RR": 0.046907499680916676,
          "NV": 0.10912714302539861,
          "NP_S": 0.03388313651084918,
          "NP_Z": -0.020869254693389294,
          "COORD": 0.14826130867004395
        }
      },
      {
        "head": 2,
        "summary_under_ablation": {
          "mean_delta": 4.1426435306295755,
          "mean_s_gps": 9.570585217624902,
          "mean_s_normal": 5.427941686995328,
          "mean_s_control": 1.0950789663475007
        },
        "effect_drop": -0.02945328280329651,
        "control_inflation": 0.0030581289902329445,
        "per_template_drop": {
          "RR": -0.04029891764124249,
          "NV": -0.04553296566009468,
          "NP_S": 0.003568130731582908,
          "NP_Z": 0.004180463030934334,
          "COORD": -0.09806733131408762
        }
      },
      {
        "head": 3,
        "summary_under_ablation": {
          "mean_delta": 4.189334044083953,
          "mean_s_gps": 9.611090250760316,
          "mean_s_normal": 5.421756206676364,
          "mean_s_control": 1.0927733560092747
        },
        "effect_drop": 0.01723723065108107,
        "control_inflation": 0.0007525186520069838,
        "per_template_drop": {
          "RR": -0.017994613697131623,
          "NV": 0.053772878646850764,
          "NP_S": -0.0012813746929167813,
          "NP_Z": 0.07928786817938072,
          "COORD": -0.03720259666442871
        }
      },
      {
        "head": 4,
        "summary_under_ablation": {
          "mean_delta": 4.171514460481704,
          "mean_s_gps": 9.581757413744926,
          "mean_s_normal": 5.410242953263223,
          "mean_s_control": 1.091400386299938
        },
        "effect_drop": -0.0005823529511683745,
        "control_inflation": -0.0006204510573297739,
        "per_template_drop": {
          "RR": 0.001723202814658542,
          "NV": 0.005854323506355286,
          "NP_S": 0.0021870911121371073,
          "NP_Z": 0.001578398048877716,
          "COORD": -0.030232763290405806
        }
      },
      {
        "head": 5,
        "summary_under_ablation": {
          "mean_delta": 4.17736056804657,
          "mean_s_gps": 9.586513610184193,
          "mean_s_normal": 5.409153042137623,
          "mean_s_control": 1.0961028246674687
        },
        "effect_drop": 0.005263754613697991,
        "control_inflation": 0.00408198731020093,
        "per_template_drop": {
          "RR": 0.003549541781346033,
          "NV": 0.0033261269330981946,
          "NP_S": 0.0013605237007143778,
          "NP_Z": 0.010402014665305437,
          "COORD": 0.011811590194701793
        }
      },
      {
        "head": 6,
        "summary_under_ablation": {
          "mean_delta": 4.181608611792326,
          "mean_s_gps": 9.588407276570797,
          "mean_s_normal": 5.406798664778471,
          "mean_s_control": 1.0902708168141544
        },
        "effect_drop": 0.009511798359453927,
        "control_inflation": -0.0017500205431133509,
        "per_template_drop": {
          "RR": 0.031837326536575894,
          "NV": 0.013556692004203619,
          "NP_S": -0.028515684604644598,
          "NP_Z": 0.038512085191905854,
          "COORD": -0.04750018119812083
        }
      },
      {
        "head": 7,
        "summary_under_ablation": {
          "mean_delta": 4.168741844668984,
          "mean_s_gps": 9.57810185611248,
          "mean_s_normal": 5.409360011443495,
          "mean_s_control": 1.0917014873120934
        },
        "effect_drop": -0.0033549687638876335,
        "control_inflation": -0.0003193500451743603,
        "per_template_drop": {
          "RR": -0.0022635196646052513,
          "NV": 0.006599161028861822,
          "NP_S": -0.003031098842620761,
          "NP_Z": -0.0016629690304394984,
          "COORD": -0.03056931495666504
        }
      },
      {
        "head": 8,
        "summary_under_ablation": {
          "mean_delta": 4.173440017700195,
          "mean_s_gps": 9.578234477639198,
          "mean_s_normal": 5.404794459939003,
          "mean_s_control": 1.0924167204648256
        },
        "effect_drop": 0.0013432042673233724,
        "control_inflation": 0.0003958831075578928,
        "per_template_drop": {
          "RR": -0.009063467631737154,
          "NV": 0.0026310801506044257,
          "NP_S": 0.014451986551284879,
          "NP_Z": -0.0034041957929726863,
          "COORD": 0.013264703750610174
        }
      },
      {
        "head": 9,
        "summary_under_ablation": {
          "mean_delta": 4.166543616652489,
          "mean_s_gps": 9.561272978186608,
          "mean_s_normal": 5.394729361534119,
          "mean_s_control": 1.056806433480233
        },
        "effect_drop": -0.0055531967803830184,
        "control_inflation": -0.03521440387703478,
        "per_template_drop": {
          "RR": -0.07018330742915468,
          "NV": 0.00492189228534734,
          "NP_S": 0.03552071452140826,
          "NP_Z": 0.05589941162615997,
          "COORD": -0.03766608238220215
        }
      },
      {
        "head": 10,
        "summary_under_ablation": {
          "mean_delta": 4.166711762025952,
          "mean_s_gps": 9.612804191708564,
          "mean_s_normal": 5.446092429682612,
          "mean_s_control": 1.11513332859613
        },
        "effect_drop": -0.005385051406920027,
        "control_inflation": 0.023112491238862276,
        "per_template_drop": {
          "RR": 0.09715669229626656,
          "NV": 0.0026227802038194525,
          "NP_S": -0.017844355106353404,
          "NP_Z": -0.15429109465330804,
          "COORD": -0.006295251846314187
        }
      },
      {
        "head": 11,
        "summary_under_ablation": {
          "mean_delta": 4.153629232719541,
          "mean_s_gps": 9.577640315294266,
          "mean_s_normal": 5.424011082574725,
          "mean_s_control": 1.1107148963492364
        },
        "effect_drop": -0.01846758071333099,
        "control_inflation": 0.018694058991968632,
        "per_template_drop": {
          "RR": 0.017653902620077044,
          "NV": -0.026643925905227128,
          "NP_S": -0.0441748380661009,
          "NP_Z": -0.056124941073358414,
          "COORD": 0.016249895095825195
        }
      },
      {
        "head": 12,
        "summary_under_ablation": {
          "mean_delta": 4.194996348395944,
          "mean_s_gps": 9.578727878034115,
          "mean_s_normal": 5.383731529638172,
          "mean_s_control": 1.0925512230023742
        },
        "effect_drop": 0.022899534963071844,