{
  "step": "03_head_sweep_L35",
  "results": {
    "layer": 35,
    "n_heads": 32,
    "head_dim": 128,
    "baseline_summary": {
      "mean_delta": 4.172096813432872,
      "mean_s_gps": 9.582277607023716,
      "mean_s_normal": 5.410180793590843,
      "mean_s_control": 1.0920208373572677
    },
    "baseline_per_template": {
      "RR": 2.1911066370705763,
      "NV": 5.39866152703762,
      "NP_S": 2.1785386979579924,
      "NP_Z": 6.603512586094439,
      "COORD": 6.78622260093689
    },
    "per_head": [
      {
        "head": 0,
        "summary_under_ablation": {
          "mean_delta": 3.5887576473504303,
          "mean_s_gps": 8.839449906349182,
          "mean_s_normal": 5.250692258998751,
          "mean_s_control": 1.1733260261826217
        },
        "effect_drop": -0.5833391660824416,
        "control_inflation": 0.08130518882535398,
        "per_template_drop": {
          "RR": -0.3365173729757467,
          "NV": -0.4264406293630598,
          "NP_S": -0.3944076240062713,
          "NP_Z": -1.2301024748012424,
          "COORD": -0.7219380855560305
        }
      },
      {
        "head": 1,
        "summary_under_ablation": {
          "mean_delta": 4.142583416141569,
          "mean_s_gps": 9.541618174612521,
          "mean_s_normal": 5.399034758470952,
          "mean_s_control": 1.0681238556280732
        },
        "effect_drop": -0.029513397291302645,
        "control_inflation": -0.023896981729194522,
        "per_template_drop": {
          "RR": -0.00018090878923748832,
          "NV": -0.10884580612182582,
          "NP_S": -0.021299511194229126,
          "NP_Z": -0.006741165369748892,
          "COORD": -0.020818281173706765
        }
      },
      {
        "head": 2,
        "summary_under_ablation": {
          "mean_delta": 4.174955741390586,
          "mean_s_gps": 9.570719671249389,
          "mean_s_normal": 5.395763929858804,
          "mean_s_control": 1.061956133460626
        },
        "effect_drop": 0.0028589279577140303,
        "control_inflation": -0.03006470389664173,
        "per_template_drop": {
          "RR": 0.006978082656860618,
          "NV": -0.02527873814105952,
          "NP_S": -0.013976907730102184,
          "NP_Z": 0.027242678962648093,
          "COORD": 0.03168096542358345
        }
      },
      {
        "head": 3,
        "summary_under_ablation": {
          "mean_delta": 4.183310799486935,
          "mean_s_gps": 9.596690748184919,
          "mean_s_normal": 5.413379948697984,
          "mean_s_control": 1.0910534099675715
        },
        "effect_drop": 0.011213986054062985,
        "control_inflation": -0.0009674273896962404,
        "per_template_drop": {
          "RR": -0.0005383037030695093,
          "NV": 0.05420490801334399,
          "NP_S": -0.008168113231658669,
          "NP_Z": 0.0033148609101774085,
          "COORD": 0.015051460266112926
        }
      },
      {
        "head": 4,
        "summary_under_ablation": {
          "mean_delta": 4.165458668060601,
          "mean_s_gps": 9.57180546104908,
          "mean_s_normal": 5.406346792988479,
          "mean_s_control": 1.0959340343251824
        },
        "effect_drop": -0.0066381453722712536,
        "control_inflation": 0.0039131969679147005,
        "per_template_drop": {
          "RR": -9.191781282424927e-05,
          "NV": -0.028170678019523443,
          "NP_S": -0.013223892450332286,
          "NP_Z": 0.015791752561926664,
          "COORD": -0.014900064468384322
        }
      },
      {
        "head": 5,
        "summary_under_ablation": {
          "mean_delta": 4.195311521925032,
          "mean_s_gps": 9.637375656664371,
          "mean_s_normal": 5.442064134739339,
          "mean_s_control": 1.0956794605590403
        },
        "effect_drop": 0.02321470849216034,
        "control_inflation": 0.0036586232017725706,
        "per_template_drop": {
          "RR": -0.0010882101953026968,
          "NV": 0.040710201859474715,
          "NP_S": 0.02627904415130633,
          "NP_Z": 0.033642932772636414,
          "COORD": 0.03414735794067347
        }
      },
      {
        "head": 6,
        "summary_under_ablation": {
          "mean_delta": 4.177967757806182,
          "mean_s_gps": 9.591542722582817,
          "mean_s_normal": 5.413574964776635,
          "mean_s_control": 1.0928972822148353
        },
        "effect_drop": 0.005870944373310039,
        "control_inflation": 0.0008764448575675488,
        "per_template_drop": {
          "RR": 0.0016783371567727912,
          "NV": 0.017753437161445618,
          "NP_S": 0.003589349985122947,
          "NP_Z": 0.002643443457782446,
          "COORD": 0.005701971054076438
        }
      },
      {
        "head": 7,
        "summary_under_ablation": {
          "mean_delta": 4.178087547756731,
          "mean_s_gps": 9.587732791602612,
          "mean_s_normal": 5.40964524384588,
          "mean_s_control": 1.0887318709865212
        },
        "effect_drop": 0.005990734323859215,
        "control_inflation": -0.0032889663707464933,
        "per_template_drop": {
          "RR": 0.006449591616789707,
          "NV": 0.01015991270542127,
          "NP_S": 0.000646317005157826,
          "NP_Z": 0.006653707101941464,
          "COORD": 0.0056386947631832385
        }
      },
      {
        "head": 8,
        "summary_under_ablation": {
          "mean_delta": 4.246088887229562,
          "mean_s_gps": 9.671973143219947,
          "mean_s_normal": 5.425884255990386,
          "mean_s_control": 1.0472950302064419
        },
        "effect_drop": 0.07399207379669015,
        "control_inflation": -0.04472580715082586,
        "per_template_drop": {
          "RR": 0.04917092869679118,
          "NV": 0.06702681183814985,
          "NP_S": 0.027003324031829923,
          "NP_Z": 0.12696210052818024,
          "COORD": 0.15042347908019948
        }
      },
      {
        "head": 9,
        "summary_under_ablation": {
          "mean_delta": 4.171462299823761,
          "mean_s_gps": 9.585064139664173,
          "mean_s_normal": 5.413601839840412,
          "mean_s_control": 1.094033179571852
        },
        "effect_drop": -0.0006345136091105985,
        "control_inflation": 0.0020123422145843506,
        "per_template_drop": {
          "RR": 0.004369370887677082,
          "NV": -0.005923733115196228,
          "NP_S": -0.012236040830611916,
          "NP_Z": -0.0003258483484387398,
          "COORD": 0.017517995834349875
        }
      },
      {
        "head": 10,
        "summary_under_ablation": {
          "mean_delta": 4.166409606896341,
          "mean_s_gps": 9.57824318870902,
          "mean_s_normal": 5.4118335818126795,
          "mean_s_control": 1.0861042398028076
        },
        "effect_drop": -0.0056872065365309865,
        "control_inflation": -0.005916597554460168,
        "per_template_drop": {
          "RR": -0.00777362659573555,
          "NV": 0.009125080704689204,
          "NP_S": -0.012089109420776012,
          "NP_Z": -0.012616371735930443,
          "COORD": -0.0023903846740722656
        }
      },
      {
        "head": 11,
        "summary_under_ablation": {
          "mean_delta": 4.158281152285635,
          "mean_s_gps": 9.567999958246947,
          "mean_s_normal": 5.409718805961311,
          "mean_s_control": 1.0861483204644173
        },
        "effect_drop": -0.013815661147236646,
        "control_inflation": -0.005872516892850399,
        "per_template_drop": {
          "RR": -0.005137024571498117,
          "NV": 1.304745674168828e-05,
          "NP_S": -0.025804620981216164,
          "NP_Z": -0.029279863834380748,
          "COORD": -0.012602663040161666
        }
      },
      {
        "head": 12,
        "summary_under_ablation": {
          "mean_delta": 4.161319594830275,
          "mean_s_gps": 9.568013101518154,
          "mean_s_normal": 5.40669350668788,
          "mean_s_control": 1.0911422693170607
        },
        "effect_drop": -0.010777218602597394,