{
  "step": "03_head_sweep_L0",
  "results": {
    "layer": 0,
    "n_heads": 16,
    "head_dim": 256,
    "baseline_summary": {
      "mean_delta": 3.9185574859380723,
      "mean_s_gps": 9.727829200029372,
      "mean_s_normal": 5.809271714091301,
      "mean_s_control": 1.3700475301593542
    },
    "baseline_per_template": {
      "RR": 2.294050923983256,
      "NV": 5.5221830815076824,
      "NP_S": 1.685280978679657,
      "NP_Z": 6.223775911331177,
      "COORD": 5.4409421443939205
    },
    "per_head": [
      {
        "head": 0,
        "summary_under_ablation": {
          "mean_delta": 3.9107277312874795,
          "mean_s_gps": 9.708573375940324,
          "mean_s_normal": 5.797845644652844,
          "mean_s_control": 1.3639499451965094
        },
        "effect_drop": -0.007829754650592768,
        "control_inflation": -0.006097584962844849,
        "per_template_drop": {
          "RR": -0.012168003122011939,
          "NV": -0.029161000251769487,
          "NP_S": 0.010069561004638627,
          "NP_Z": -0.009797191619872692,
          "COORD": 0.015983724594116566
        }
      },
      {
        "head": 1,
        "summary_under_ablation": {
          "mean_delta": 3.922174188196659,
          "mean_s_gps": 9.724395712018014,
          "mean_s_normal": 5.802221523821354,
          "mean_s_control": 1.3797864094376564
        },
        "effect_drop": 0.0036167022585869013,
        "control_inflation": 0.009738879278302193,
        "per_template_drop": {
          "RR": 0.011164922515551012,
          "NV": -0.02142206430435145,
          "NP_S": 0.02183780074119568,
          "NP_Z": -0.01068549156188947,
          "COORD": 0.02321176528930735
        }
      },
      {
        "head": 2,
        "summary_under_ablation": {
          "mean_delta": 3.896818601489067,
          "mean_s_gps": 9.698261870145798,
          "mean_s_normal": 5.8014432686567305,
          "mean_s_control": 1.3822541050612926
        },
        "effect_drop": -0.02173888444900518,
        "control_inflation": 0.012206574901938438,
        "per_template_drop": {
          "RR": -0.042452051242192645,
          "NV": -0.019581851363181357,
          "NP_S": -0.0032327651977539507,
          "NP_Z": -0.051143956184387385,
          "COORD": 0.05788445472717285
        }
      },
      {
        "head": 3,
        "summary_under_ablation": {
          "mean_delta": 3.8952134642004967,
          "mean_s_gps": 9.712894858121873,
          "mean_s_normal": 5.817681393921375,
          "mean_s_control": 1.353094832971692
        },
        "effect_drop": -0.02334402173757555,
        "control_inflation": -0.016952697187662125,
        "per_template_drop": {
          "RR": -0.03412715494632712,
          "NV": -0.023938959836959484,
          "NP_S": -0.012218296527862549,
          "NP_Z": 0.0017492532730107868,
          "COORD": -0.062242746353149414
        }
      },
      {
        "head": 4,
        "summary_under_ablation": {
          "mean_delta": 3.910468316376209,
          "mean_s_gps": 9.721973009705543,
          "mean_s_normal": 5.811504693329335,
          "mean_s_control": 1.3712297547608614
        },
        "effect_drop": -0.00808916956186323,
        "control_inflation": 0.0011822246015071869,
        "per_template_drop": {
          "RR": -0.016423186659813016,
          "NV": -0.03844642043113655,
          "NP_S": 0.034842383861541704,
          "NP_Z": -0.031732416152953746,
          "COORD": 0.03905076980590838
        }
      },
      {
        "head": 5,
        "summary_under_ablation": {
          "mean_delta": 3.9343212255835533,
          "mean_s_gps": 9.741257569789887,
          "mean_s_normal": 5.806936344206333,
          "mean_s_control": 1.3560779299587011
        },
        "effect_drop": 0.015763739645481056,
        "control_inflation": -0.013969600200653076,
        "per_template_drop": {
          "RR": 0.00593490699927024,
          "NV": 0.038171350955963135,
          "NP_S": 0.021974736452102572,
          "NP_Z": 0.02252495288848877,
          "COORD": -0.02550940513610822
        }
      },
      {
        "head": 6,
        "summary_under_ablation": {
          "mean_delta": 3.914055705368519,
          "mean_s_gps": 9.714094479680062,
          "mean_s_normal": 5.800038774311543,
          "mean_s_control": 1.353916235268116
        },
        "effect_drop": -0.004501780569553304,
        "control_inflation": -0.016131294891238213,
        "per_template_drop": {
          "RR": 0.0008962402741112818,
          "NV": -0.047209903597831726,
          "NP_S": -0.009594619274139404,
          "NP_Z": 0.012887358665466309,
          "COORD": 0.04012780189514231
        }
      },
      {
        "head": 7,
        "summary_under_ablation": {
          "mean_delta": 3.906167950332165,
          "mean_s_gps": 9.728143717050552,
          "mean_s_normal": 5.821975766718388,
          "mean_s_control": 1.368343623355031
        },
        "effect_drop": -0.012389535605907387,
        "control_inflation": -0.0017039068043231964,
        "per_template_drop": {
          "RR": -0.04486634631951647,
          "NV": -0.0199415385723114,
          "NP_S": 0.0029908716678619385,
          "NP_Z": 0.024404239654541193,
          "COORD": -0.004203462600707475
        }
      },
      {
        "head": 8,
        "summary_under_ablation": {
          "mean_delta": 3.9402650091052056,
          "mean_s_gps": 9.762421181797981,
          "mean_s_normal": 5.822156172692775,
          "mean_s_control": 1.3618540447205305
        },
        "effect_drop": 0.021707523167133314,
        "control_inflation": -0.0081934854388237,
        "per_template_drop": {
          "RR": 0.05801561971505498,
          "NV": 0.004004433751106262,
          "NP_S": 0.0061778843402862105,
          "NP_Z": 0.01808135509490949,
          "COORD": -0.013498973846434836
        }
      },
      {
        "head": 9,
        "summary_under_ablation": {
          "mean_delta": 3.8880928292870522,
          "mean_s_gps": 9.68731433570385,
          "mean_s_normal": 5.799221506416798,
          "mean_s_control": 1.3619156368076801
        },
        "effect_drop": -0.03046465665102005,
        "control_inflation": -0.00813189335167408,
        "per_template_drop": {
          "RR": -0.09959481457869224,
          "NV": 0.015375551581382929,
          "NP_S": -0.005531954765319869,
          "NP_Z": -0.0040667057037353516,
          "COORD": -0.017415904998778764
        }
      },
      {
        "head": 10,
        "summary_under_ablation": {
          "mean_delta": 3.8596146526932715,
          "mean_s_gps": 9.651612228155136,
          "mean_s_normal": 5.791997575461864,
          "mean_s_control": 1.3254658710211515
        },
        "effect_drop": -0.05894283324480076,
        "control_inflation": -0.04458165913820267,
        "per_template_drop": {
          "RR": -0.19603923459847783,
          "NV": -0.004876413941382829,
          "NP_S": 0.03516239523887643,
          "NP_Z": 0.019000744819641646,
          "COORD": -0.09988408088684064
        }
      },
      {
        "head": 11,
        "summary_under_ablation": {
          "mean_delta": 3.9197888818383215,
          "mean_s_gps": 9.728908684849738,
          "mean_s_normal": 5.809119803011417,
          "mean_s_control": 1.3644234519451857
        },
        "effect_drop": 0.0012313959002492325,
        "control_inflation": -0.005624078214168549,
        "per_template_drop": {
          "RR": 0.04818633695443486,
          "NV": -0.0947422623634333,
          "NP_S": 0.03009724020957938,
          "NP_Z": 0.014149522781372603,
          "COORD": -0.03125405311584473
        }
      },
      {
        "head": 12,
        "summary_under_ablation": {
          "mean_delta": 3.9430644190311432,
          "mean_s_gps": 9.75999071598053,
          "mean_s_normal": 5.8169262969493865,
          "mean_s_control": 1.3554570861160755
        },
        "effect_drop": 0.02450693309307095,