{
  "step": "03_head_sweep_L26",
  "results": {
    "layer": 26,
    "n_heads": 16,
    "head_dim": 256,
    "baseline_summary": {
      "mean_delta": 3.9185574859380723,
      "mean_s_gps": 9.727829200029372,
      "mean_s_normal": 5.809271714091301,
      "mean_s_control": 1.3700475301593542
    },
    "baseline_per_template": {
      "RR": 2.294050923983256,
      "NV": 5.5221830815076824,
      "NP_S": 1.685280978679657,
      "NP_Z": 6.223775911331177,
      "COORD": 5.4409421443939205
    },
    "per_head": [
      {
        "head": 0,
        "summary_under_ablation": {
          "mean_delta": 3.8865100505948065,
          "mean_s_gps": 9.687921412587166,
          "mean_s_normal": 5.8014113619923595,
          "mean_s_control": 1.3574231751263142
        },
        "effect_drop": -0.03204743534326582,
        "control_inflation": -0.012624355033040047,
        "per_template_drop": {
          "RR": -0.036071335275968064,
          "NV": -0.04747067391872406,
          "NP_S": 0.021730953454971225,
          "NP_Z": -0.03537905216217041,
          "COORD": -0.09002280235290527
        }
      },
      {
        "head": 1,
        "summary_under_ablation": {
          "mean_delta": 3.9307775154709814,
          "mean_s_gps": 9.727341739535332,
          "mean_s_normal": 5.79656422406435,
          "mean_s_control": 1.3696666955947876
        },
        "effect_drop": 0.012220029532909127,
        "control_inflation": -0.00038083456456661224,
        "per_template_drop": {
          "RR": 0.03838847974936144,
          "NV": -0.011626765131950378,
          "NP_S": -0.008016765117645264,
          "NP_Z": 0.009669446945190785,
          "COORD": 0.026983022689819336
        }
      },
      {
        "head": 2,
        "summary_under_ablation": {
          "mean_delta": 3.9174300596117972,
          "mean_s_gps": 9.740044878721237,
          "mean_s_normal": 5.82261481910944,
          "mean_s_control": 1.3581713195890188
        },
        "effect_drop": -0.0011274263262750495,
        "control_inflation": -0.011876210570335388,
        "per_template_drop": {
          "RR": -0.008659371733665377,
          "NV": -0.02189631760120392,
          "NP_S": -0.011008566617965787,
          "NP_Z": 0.038235878944397506,
          "COORD": 0.004041862487793146
        }
      },
      {
        "head": 3,
        "summary_under_ablation": {
          "mean_delta": 3.883602963089943,
          "mean_s_gps": 9.692845187187196,
          "mean_s_normal": 5.809242224097252,
          "mean_s_control": 1.391191741451621
        },
        "effect_drop": -0.034954522848129166,
        "control_inflation": 0.021144211292266846,
        "per_template_drop": {
          "RR": -0.006310709317525198,
          "NV": -0.03942987322807312,
          "NP_S": -0.03414531946182242,
          "NP_Z": -0.12720065116882306,
          "COORD": 0.0709385871887207
        }
      },
      {
        "head": 4,
        "summary_under_ablation": {
          "mean_delta": 3.9826871383190157,
          "mean_s_gps": 9.799573953151702,
          "mean_s_normal": 5.816886814832688,
          "mean_s_control": 1.4115210082381964
        },
        "effect_drop": 0.06412965238094337,
        "control_inflation": 0.04147347807884216,
        "per_template_drop": {
          "RR": 0.05677102804183942,
          "NV": 0.09898897707462329,
          "NP_S": 0.05329682826995841,
          "NP_Z": -0.006572246551513672,
          "COORD": 0.1795563220977785
        }
      },
      {
        "head": 5,
        "summary_under_ablation": {
          "mean_delta": 3.871118252277374,
          "mean_s_gps": 9.706271324157715,
          "mean_s_normal": 5.835153071880341,
          "mean_s_control": 1.39807472191751
        },
        "effect_drop": -0.04743923366069813,
        "control_inflation": 0.028027191758155823,
        "per_template_drop": {
          "RR": -0.07969933350880964,
          "NV": -0.004976269602774863,
          "NP_S": 0.004341864585876376,
          "NP_Z": -0.05262701511383039,
          "COORD": -0.1287714958190911
        }
      },
      {
        "head": 6,
        "summary_under_ablation": {
          "mean_delta": 3.922372658252716,
          "mean_s_gps": 9.730198557972908,
          "mean_s_normal": 5.807825899720192,
          "mean_s_control": 1.3912001829594374
        },
        "effect_drop": 0.003815172314643789,
        "control_inflation": 0.02115265280008316,
        "per_template_drop": {
          "RR": -0.01685719092686977,
          "NV": 0.010457172989845276,
          "NP_S": 0.0245841681957244,
          "NP_Z": -0.010270881652831854,
          "COORD": 0.03918237686157244
        }
      },
      {
        "head": 7,
        "summary_under_ablation": {
          "mean_delta": 3.8248679625988005,
          "mean_s_gps": 9.674746712446213,
          "mean_s_normal": 5.849878749847412,
          "mean_s_control": 1.3605830408632755
        },
        "effect_drop": -0.09368952333927183,
        "control_inflation": -0.009464489296078682,
        "per_template_drop": {
          "RR": -0.2433102349440257,
          "NV": -0.003178578615187888,
          "NP_S": -0.0492267489433289,
          "NP_Z": 0.07630844116210955,
          "COORD": -0.25477075576782227
        }
      },
      {
        "head": 8,
        "summary_under_ablation": {
          "mean_delta": 4.02614826887846,
          "mean_s_gps": 9.860029429793357,
          "mean_s_normal": 5.833881160914898,
          "mean_s_control": 1.3996029756963253
        },
        "effect_drop": 0.10759078294038771,
        "control_inflation": 0.029555445536971092,
        "per_template_drop": {
          "RR": 0.02776302397251129,
          "NV": 0.07040334045887064,
          "NP_S": 0.19962270259857173,
          "NP_Z": 0.2015367269515993,
          "COORD": 0.049493217468262074
        }
      },
      {
        "head": 9,
        "summary_under_ablation": {
          "mean_delta": 3.7041716170310974,
          "mean_s_gps": 9.487593792676925,
          "mean_s_normal": 5.783422175645828,
          "mean_s_control": 1.3815943989902735
        },
        "effect_drop": -0.21438586890697486,
        "control_inflation": 0.011546868830919266,
        "per_template_drop": {
          "RR": 0.03217117786407453,
          "NV": 0.023611208796501693,
          "NP_S": -0.1694409072399139,
          "NP_Z": -0.8318352460861203,
          "COORD": -0.2850423336029051
        }
      },
      {
        "head": 10,
        "summary_under_ablation": {
          "mean_delta": 3.9057078808546066,
          "mean_s_gps": 9.703032926917077,
          "mean_s_normal": 5.797325046062469,
          "mean_s_control": 1.3638082947582006
        },
        "effect_drop": -0.012849605083465665,
        "control_inflation": -0.0062392354011535645,
        "per_template_drop": {
          "RR": -0.0021375715732574463,
          "NV": 0.02106964886188578,
          "NP_S": -0.003005892038345337,
          "NP_Z": -0.055168437957763494,
          "COORD": -0.04787397384643555
        }
      },
      {
        "head": 11,
        "summary_under_ablation": {
          "mean_delta": 3.925116664171219,
          "mean_s_gps": 9.72613216459751,
          "mean_s_normal": 5.801015500426292,
          "mean_s_control": 1.3827654514461756
        },
        "effect_drop": 0.0065591782331466675,
        "control_inflation": 0.012717921286821365,
        "per_template_drop": {
          "RR": 0.0070397774378458955,
          "NV": 0.004375877976418252,
          "NP_S": -0.009912079572677701,
          "NP_Z": -0.004341483116149902,
          "COORD": 0.06422781944274902
        }
      },
      {
        "head": 12,
        "summary_under_ablation": {
          "mean_delta": 3.9299473053216936,
          "mean_s_gps": 9.75952149271965,
          "mean_s_normal": 5.829574187397957,
          "mean_s_control": 1.3691454268991947
        },
        "effect_drop": 0.011389819383621269,