{
  "step": "03_head_sweep_L2",
  "results": {
    "layer": 2,
    "n_heads": 16,
    "head_dim": 256,
    "baseline_summary": {
      "mean_delta": 3.9185574859380723,
      "mean_s_gps": 9.727829200029372,
      "mean_s_normal": 5.809271714091301,
      "mean_s_control": 1.3700475301593542
    },
    "baseline_per_template": {
      "RR": 2.294050923983256,
      "NV": 5.5221830815076824,
      "NP_S": 1.685280978679657,
      "NP_Z": 6.223775911331177,
      "COORD": 5.4409421443939205
    },
    "per_head": [
      {
        "head": 0,
        "summary_under_ablation": {
          "mean_delta": 3.9341740202903748,
          "mean_s_gps": 9.803253746032714,
          "mean_s_normal": 5.86907972574234,
          "mean_s_control": 1.3256945125758648
        },
        "effect_drop": 0.01561653435230248,
        "control_inflation": -0.04435301758348942,
        "per_template_drop": {
          "RR": 0.16610525846481305,
          "NV": 0.010749945044517872,
          "NP_S": -0.03917336463928223,
          "NP_Z": -0.09117767810821498,
          "COORD": -0.10294823646545392
        }
      },
      {
        "head": 1,
        "summary_under_ablation": {
          "mean_delta": 3.950466129779816,
          "mean_s_gps": 9.742453072071076,
          "mean_s_normal": 5.79198694229126,
          "mean_s_control": 1.3761946838349104
        },
        "effect_drop": 0.03190864384174352,
        "control_inflation": 0.006147153675556183,
        "per_template_drop": {
          "RR": 0.09033961892127973,
          "NV": 0.011106866598129983,
          "NP_S": 0.02212692499160762,
          "NP_Z": 0.000580096244812367,
          "COORD": -0.019560194015502574
        }
      },
      {
        "head": 2,
        "summary_under_ablation": {
          "mean_delta": 3.9191990065574647,
          "mean_s_gps": 9.736080188155174,
          "mean_s_normal": 5.81688118159771,
          "mean_s_control": 1.3741318173706532
        },
        "effect_drop": 0.0006415206193923773,
        "control_inflation": 0.0040842872112989426,
        "per_template_drop": {
          "RR": -0.01125960151354466,
          "NV": 0.004002189636231002,
          "NP_S": 0.012265121936798185,
          "NP_Z": 0.014648652076721724,
          "COORD": -0.021637916564941406
        }
      },
      {
        "head": 3,
        "summary_under_ablation": {
          "mean_delta": 3.9159641778469085,
          "mean_s_gps": 9.724542278647423,
          "mean_s_normal": 5.808578100800514,
          "mean_s_control": 1.3508365079760551
        },
        "effect_drop": -0.0025933080911637596,
        "control_inflation": -0.019211022183299065,
        "per_template_drop": {
          "RR": -0.003616140286127667,
          "NV": 0.02798628211021459,
          "NP_S": -0.029509329795837314,
          "NP_Z": -0.01982829570770228,
          "COORD": 0.02761802673339897
        }
      },
      {
        "head": 4,
        "summary_under_ablation": {
          "mean_delta": 3.9256737339496612,
          "mean_s_gps": 9.731392577290535,
          "mean_s_normal": 5.805718843340873,
          "mean_s_control": 1.3718547448515892
        },
        "effect_drop": 0.007116248011588944,
        "control_inflation": 0.001807214692234993,
        "per_template_drop": {
          "RR": 0.0023111840089162783,
          "NV": -0.001780462265013938,
          "NP_S": 0.039052087068557784,
          "NP_Z": 0.01968364715576154,
          "COORD": -0.04968161582946706
        }
      },
      {
        "head": 5,
        "summary_under_ablation": {
          "mean_delta": 4.003141478896141,
          "mean_s_gps": 9.810215284824372,
          "mean_s_normal": 5.80707380592823,
          "mean_s_control": 1.3615832272917032
        },
        "effect_drop": 0.08458399295806851,
        "control_inflation": -0.008464302867650986,
        "per_template_drop": {
          "RR": 0.16945969462394705,
          "NV": 0.021663859486579895,
          "NP_S": -0.005175191164016768,
          "NP_Z": 0.027886104583740412,
          "COORD": 0.2487112998962404
        }
      },
      {
        "head": 6,
        "summary_under_ablation": {
          "mean_delta": 3.8869950479269026,
          "mean_s_gps": 9.678337025046348,
          "mean_s_normal": 5.791341977119446,
          "mean_s_control": 1.3750338070094585
        },
        "effect_drop": -0.03156243801116965,
        "control_inflation": 0.004986276850104332,
        "per_template_drop": {
          "RR": -0.029591780900955378,
          "NV": -0.018064835667609636,
          "NP_S": -0.043457984924316406,
          "NP_Z": -0.05876619815826434,
          "COORD": 0.01372900009155309
        }
      },
      {
        "head": 7,
        "summary_under_ablation": {
          "mean_delta": 3.937688937187195,
          "mean_s_gps": 9.74705660879612,
          "mean_s_normal": 5.809367671608925,
          "mean_s_control": 1.400152387097478
        },
        "effect_drop": 0.019131451249122744,
        "control_inflation": 0.030104856938123703,
        "per_template_drop": {
          "RR": 0.027312554915746023,
          "NV": 0.02746675014495903,
          "NP_S": -0.007805782556533858,
          "NP_Z": 0.024871039390563787,
          "COORD": 0.020312833786011453
        }
      },
      {
        "head": 8,
        "summary_under_ablation": {
          "mean_delta": 3.8339897087216377,
          "mean_s_gps": 9.651779442429543,
          "mean_s_normal": 5.8177897337079045,
          "mean_s_control": 1.4127980526536703
        },
        "effect_drop": -0.0845677772164346,
        "control_inflation": 0.0427505224943161,
        "per_template_drop": {
          "RR": -0.253018217285474,
          "NV": -0.06612623929977346,
          "NP_S": 0.017607593536376864,
          "NP_Z": -0.04693412780761719,
          "COORD": 0.10428242683410716
        }
      },
      {
        "head": 9,
        "summary_under_ablation": {
          "mean_delta": 3.9090322694182396,
          "mean_s_gps": 9.721727223396302,
          "mean_s_normal": 5.8126949539780615,
          "mean_s_control": 1.3549315258860588
        },
        "effect_drop": -0.009525216519832735,
        "control_inflation": -0.015116004273295403,
        "per_template_drop": {
          "RR": -0.0073758234580356685,
          "NV": -0.022525089979171575,
          "NP_S": -0.03157137036323543,
          "NP_Z": 0.020274853706360396,
          "COORD": -0.0054814815521240234
        }
      },
      {
        "head": 10,
        "summary_under_ablation": {
          "mean_delta": 3.9306085559725763,
          "mean_s_gps": 9.733774625062942,
          "mean_s_normal": 5.803166069090366,
          "mean_s_control": 1.3801974672824144
        },
        "effect_drop": 0.012051070034504008,
        "control_inflation": 0.010149937123060226,
        "per_template_drop": {
          "RR": 0.031074044108390986,
          "NV": 0.004391741752624689,
          "NP_S": 0.023318403959274203,
          "NP_Z": -0.012434315681457697,
          "COORD": -0.0032630920410152697
        }
      },
      {
        "head": 11,
        "summary_under_ablation": {
          "mean_delta": 3.9148619559407236,
          "mean_s_gps": 9.733062206506728,
          "mean_s_normal": 5.818200250566005,
          "mean_s_control": 1.3583647441118956
        },
        "effect_drop": -0.003695529997348679,
        "control_inflation": -0.011682786047458649,
        "per_template_drop": {
          "RR": 0.006566215554872912,
          "NV": -0.009598800539969865,
          "NP_S": -0.013996660709381104,
          "NP_Z": 0.002726888656616744,
          "COORD": -0.014916801452636186
        }
      },
      {
        "head": 12,
        "summary_under_ablation": {
          "mean_delta": 3.9498157945275305,
          "mean_s_gps": 9.744309871792794,
          "mean_s_normal": 5.794494077265263,
          "mean_s_control": 1.3758662901818752
        },
        "effect_drop": 0.03125830858945822,