{
  "step": "03_head_sweep_L31",
  "results": {
    "layer": 31,
    "n_heads": 32,
    "head_dim": 128,
    "baseline_summary": {
      "mean_delta": 4.360793676674366,
      "mean_s_gps": 10.294824184179307,
      "mean_s_normal": 5.93403050750494,
      "mean_s_control": 1.3937876978889108
    },
    "baseline_per_template": {
      "RR": 2.554285165667534,
      "NV": 6.169238728284836,
      "NP_S": 2.1515154123306273,
      "NP_Z": 6.951681089401245,
      "COORD": 5.400210809707642
    },
    "per_head": [
      {
        "head": 0,
        "summary_under_ablation": {
          "mean_delta": 4.354692904353142,
          "mean_s_gps": 10.281843883991241,
          "mean_s_normal": 5.9271509796381,
          "mean_s_control": 1.3821196528151631
        },
        "effect_drop": -0.006100772321223857,
        "control_inflation": -0.011668045073747635,
        "per_template_drop": {
          "RR": -0.029739871621131897,
          "NV": 0.005079579353332697,
          "NP_S": -0.02874056696891758,
          "NP_Z": 0.03351562023162824,
          "COORD": 0.00850262641906685
        }
      },
      {
        "head": 1,
        "summary_under_ablation": {
          "mean_delta": 4.351963501572609,
          "mean_s_gps": 10.274955541491508,
          "mean_s_normal": 5.922992039918899,
          "mean_s_control": 1.3832659693434834
        },
        "effect_drop": -0.008830175101756765,
        "control_inflation": -0.010521728545427322,
        "per_template_drop": {
          "RR": -0.01618165870507582,
          "NV": 0.0009432315826414239,
          "NP_S": -0.033368587493896484,
          "NP_Z": 0.020667958259582342,
          "COORD": -0.0162419795989992
        }
      },
      {
        "head": 2,
        "summary_under_ablation": {
          "mean_delta": 4.352655092775822,
          "mean_s_gps": 10.303638800382615,
          "mean_s_normal": 5.950983707606793,
          "mean_s_control": 1.3924689516425133
        },
        "effect_drop": -0.008138583898543494,
        "control_inflation": -0.0013187462463974953,
        "per_template_drop": {
          "RR": -0.04436528086662328,
          "NV": 0.01175170242786372,
          "NP_S": -0.037884682416915894,
          "NP_Z": 0.024410367012023926,
          "COORD": 0.05515522956848162
        }
      },
      {
        "head": 3,
        "summary_under_ablation": {
          "mean_delta": 4.347551411390304,
          "mean_s_gps": 10.273469175100326,
          "mean_s_normal": 5.9259177637100215,
          "mean_s_control": 1.3871071264147758
        },
        "effect_drop": -0.01324226528406136,
        "control_inflation": -0.006680571474134922,
        "per_template_drop": {
          "RR": -0.03345145682493866,
          "NV": -0.02763324677944201,
          "NP_S": -0.013109380006790072,
          "NP_Z": 0.044120764732360485,
          "COORD": -0.03882455825805664
        }
      },
      {
        "head": 4,
        "summary_under_ablation": {
          "mean_delta": 4.346056773364544,
          "mean_s_gps": 10.28382808804512,
          "mean_s_normal": 5.937771314680576,
          "mean_s_control": 1.3919188724830747
        },
        "effect_drop": -0.014736903309821692,
        "control_inflation": -0.0018688254058361053,
        "per_template_drop": {
          "RR": -0.06579624017079677,
          "NV": -0.0204056054353714,
          "NP_S": -0.023836851119995117,
          "NP_Z": 0.03930068016052246,
          "COORD": 0.05990324020385707
        }
      },
      {
        "head": 5,
        "summary_under_ablation": {
          "mean_delta": 4.350462813079357,
          "mean_s_gps": 10.280032534599304,
          "mean_s_normal": 5.929569721519947,
          "mean_s_control": 1.392419507727027
        },
        "effect_drop": -0.010330863595008566,
        "control_inflation": -0.001368190161883831,
        "per_template_drop": {
          "RR": -0.029596749941508183,
          "NV": 0.00886977016925794,
          "NP_S": -0.026936858892440796,
          "NP_Z": 0.026800131797790172,
          "COORD": -0.03198447227478063
        }
      },
      {
        "head": 6,
        "summary_under_ablation": {
          "mean_delta": 4.346306043565273,
          "mean_s_gps": 10.291183312535287,
          "mean_s_normal": 5.9448772689700125,
          "mean_s_control": 1.411576135084033
        },
        "effect_drop": -0.01448763310909218,
        "control_inflation": 0.017788437195122242,
        "per_template_drop": {
          "RR": -0.054251774152120014,
          "NV": -0.015178570151329396,
          "NP_S": -0.011482954025268555,
          "NP_Z": 0.024801588058471324,
          "COORD": 0.021598863601684393
        }
      },
      {
        "head": 7,
        "summary_under_ablation": {
          "mean_delta": 4.3570390567183495,
          "mean_s_gps": 10.291803190112114,
          "mean_s_normal": 5.934764133393765,
          "mean_s_control": 1.3697692211717367
        },
        "effect_drop": -0.003754619956016114,
        "control_inflation": -0.024018476717174053,
        "per_template_drop": {
          "RR": -0.0711339513460798,
          "NV": 0.043936732411384405,
          "NP_S": -0.022870105504989358,
          "NP_Z": 0.039858651161194025,
          "COORD": 0.054005098342895685
        }
      },
      {
        "head": 8,
        "summary_under_ablation": {
          "mean_delta": 4.357826252579689,
          "mean_s_gps": 10.295415408611298,
          "mean_s_normal": 5.937589156031609,
          "mean_s_control": 1.4202376957982779
        },
        "effect_drop": -0.0029674240946766517,
        "control_inflation": 0.026449997909367085,
        "per_template_drop": {
          "RR": -0.05998932023843162,
          "NV": -0.020435643196106135,
          "NP_S": -0.05026660561561558,
          "NP_Z": 0.12302327156066895,
          "COORD": 0.04565167427062988
        }
      },
      {
        "head": 9,
        "summary_under_ablation": {
          "mean_delta": 4.244685243964195,
          "mean_s_gps": 10.180909978747367,
          "mean_s_normal": 5.936224734783172,
          "mean_s_control": 1.3749654544517398
        },
        "effect_drop": -0.11610843271017046,
        "control_inflation": -0.018822243437170982,
        "per_template_drop": {
          "RR": -0.10352747937043505,
          "NV": -0.027095940709114252,
          "NP_S": -0.11917563080787641,
          "NP_Z": -0.28431057929992676,
          "COORD": 0.010662412643432262
        }
      },
      {
        "head": 10,
        "summary_under_ablation": {
          "mean_delta": 4.341814138293266,
          "mean_s_gps": 10.280250160098076,
          "mean_s_normal": 5.93843602180481,
          "mean_s_control": 1.4083491899073124
        },
        "effect_drop": -0.01897953838109956,
        "control_inflation": 0.014561492018401623,
        "per_template_drop": {
          "RR": -0.016387797395388315,
          "NV": -0.03138624131679535,
          "NP_S": -0.022644406557082775,
          "NP_Z": 0.0006588459014889025,
          "COORD": -0.03388838768005353
        }
      },
      {
        "head": 11,
        "summary_under_ablation": {
          "mean_delta": 4.2935634922981265,
          "mean_s_gps": 10.233985404968262,
          "mean_s_normal": 5.940421912670136,
          "mean_s_control": 1.3598680989816785
        },
        "effect_drop": -0.06723018437623907,
        "control_inflation": -0.033919598907232285,
        "per_template_drop": {
          "RR": -0.0930575718482336,
          "NV": -0.060192915797233404,
          "NP_S": -0.004028141498565674,
          "NP_Z": -0.04581077098846453,
          "COORD": -0.17306547164916974
        }
      },
      {
        "head": 12,
        "summary_under_ablation": {
          "mean_delta": 4.356016907095909,
          "mean_s_gps": 10.317770380973815,
          "mean_s_normal": 5.9617534738779066,
          "mean_s_control": 1.3907615318894386
        },
        "effect_drop": -0.00477676957845663,