{
  "step": "03_head_sweep_L0",
  "results": {
    "layer": 0,
    "n_heads": 32,
    "head_dim": 128,
    "baseline_summary": {
      "mean_delta": 4.360793676674366,
      "mean_s_gps": 10.294824184179307,
      "mean_s_normal": 5.93403050750494,
      "mean_s_control": 1.3937876978889108
    },
    "baseline_per_template": {
      "RR": 2.554285165667534,
      "NV": 6.169238728284836,
      "NP_S": 2.1515154123306273,
      "NP_Z": 6.951681089401245,
      "COORD": 5.400210809707642
    },
    "per_head": [
      {
        "head": 0,
        "summary_under_ablation": {
          "mean_delta": 4.359054065048695,
          "mean_s_gps": 10.296189543008804,
          "mean_s_normal": 5.937135477960109,
          "mean_s_control": 1.3800731655210257
        },
        "effect_drop": -0.0017396116256707117,
        "control_inflation": -0.013714532367885113,
        "per_template_drop": {
          "RR": -0.05014974276224793,
          "NV": -0.013606220483779907,
          "NP_S": 0.017219501733780174,
          "NP_Z": 0.027973842620849787,
          "COORD": 0.0698788642883299
        }
      },
      {
        "head": 1,
        "summary_under_ablation": {
          "mean_delta": 4.351968765258789,
          "mean_s_gps": 10.277258278131486,
          "mean_s_normal": 5.925289512872696,
          "mean_s_control": 1.3871752098202705
        },
        "effect_drop": -0.008824911415576508,
        "control_inflation": -0.006612488068640232,
        "per_template_drop": {
          "RR": -0.03980987767378519,
          "NV": -0.003056541085243225,
          "NP_S": -0.01149960756301871,
          "NP_Z": 0.0359346866607666,
          "COORD": -0.011576557159424183
        }
      },
      {
        "head": 2,
        "summary_under_ablation": {
          "mean_delta": 4.346450776159763,
          "mean_s_gps": 10.277194130420686,
          "mean_s_normal": 5.930743354260922,
          "mean_s_control": 1.3987918570637703
        },
        "effect_drop": -0.014342900514602519,
        "control_inflation": 0.005004159174859524,
        "per_template_drop": {
          "RR": -0.02041713794072475,
          "NV": -0.03635479211807269,
          "NP_S": -0.014458787441253396,
          "NP_Z": 0.007361555099486772,
          "COORD": 0.004726457595825018
        }
      },
      {
        "head": 3,
        "summary_under_ablation": {
          "mean_delta": 4.357035385072232,
          "mean_s_gps": 10.286501861810684,
          "mean_s_normal": 5.929466476738453,
          "mean_s_control": 1.3816493200138211
        },
        "effect_drop": -0.003758291602133923,
        "control_inflation": -0.012138377875089645,
        "per_template_drop": {
          "RR": -0.036078931887944865,
          "NV": 0.02184705734252912,
          "NP_S": 0.00492444634437561,
          "NP_Z": 0.018877077102660955,
          "COORD": -0.02064328193664533
        }
      },
      {
        "head": 4,
        "summary_under_ablation": {
          "mean_delta": 4.354306279718876,
          "mean_s_gps": 10.272555631995202,
          "mean_s_normal": 5.918249352276325,
          "mean_s_control": 1.395806777291
        },
        "effect_drop": -0.0064873969554897215,
        "control_inflation": 0.002019079402089119,
        "per_template_drop": {
          "RR": -0.028745832045873332,
          "NV": 0.01865297853946668,
          "NP_S": -0.024457812309265137,
          "NP_Z": 0.02576124668121338,
          "COORD": -0.018549299240112838
        }
      },
      {
        "head": 5,
        "summary_under_ablation": {
          "mean_delta": 4.348250072300434,
          "mean_s_gps": 10.271279372572899,
          "mean_s_normal": 5.923029300272464,
          "mean_s_control": 1.406926236115396
        },
        "effect_drop": -0.012543604373931316,
        "control_inflation": 0.013138538226485252,
        "per_template_drop": {
          "RR": -0.023116465409596998,
          "NV": -0.029922693967819214,
          "NP_S": -0.0004794478416441095,
          "NP_Z": 0.0016918182373046875,
          "COORD": 0.0013339996337888849
        }
      },
      {
        "head": 6,
        "summary_under_ablation": {
          "mean_delta": 4.345414536595345,
          "mean_s_gps": 10.278850687146187,
          "mean_s_normal": 5.933436150550842,
          "mean_s_control": 1.4040586687624454
        },
        "effect_drop": -0.015379140079020637,
        "control_inflation": 0.01027097087353468,
        "per_template_drop": {
          "RR": -0.04057925442854593,
          "NV": -0.01285126805305481,
          "NP_S": -0.020421773195266724,
          "NP_Z": 0.0174713134765625,
          "COORD": -0.0004501819610593927
        }
      },
      {
        "head": 7,
        "summary_under_ablation": {
          "mean_delta": 4.355334279835224,
          "mean_s_gps": 10.278985248804092,
          "mean_s_normal": 5.923650968968868,
          "mean_s_control": 1.3862752774730325
        },
        "effect_drop": -0.005459396839141206,
        "control_inflation": -0.007512420415878296,
        "per_template_drop": {
          "RR": -0.016923767328262507,
          "NV": -0.013901498913765131,
          "NP_S": -0.0294702768325803,
          "NP_Z": 0.031166744232177912,
          "COORD": 0.02058739662170428
        }
      },
      {
        "head": 8,
        "summary_under_ablation": {
          "mean_delta": 4.346244321465492,
          "mean_s_gps": 10.286284573078156,
          "mean_s_normal": 5.940040251612663,
          "mean_s_control": 1.3792978785932064
        },
        "effect_drop": -0.014549355208873571,
        "control_inflation": -0.014489819295704365,
        "per_template_drop": {
          "RR": -0.046445225675900925,
          "NV": -0.021704989671706976,
          "NP_S": 0.0011074841022491455,
          "NP_Z": -0.005833125114441451,
          "COORD": 0.04670338630676252
        }
      },
      {
        "head": 9,
        "summary_under_ablation": {
          "mean_delta": 4.358638065159321,
          "mean_s_gps": 10.289476795196533,
          "mean_s_normal": 5.9308387300372125,
          "mean_s_control": 1.3948867646977305
        },
        "effect_drop": -0.002155611515044953,
        "control_inflation": 0.0010990668088197708,
        "per_template_drop": {
          "RR": -0.03312287131945313,
          "NV": -0.012978890538215992,
          "NP_S": 0.009544003009796409,
          "NP_Z": 0.03633129596710205,
          "COORD": 0.012019681930541815
        }
      },
      {
        "head": 10,
        "summary_under_ablation": {
          "mean_delta": 4.346737414300442,
          "mean_s_gps": 10.27733766257763,
          "mean_s_normal": 5.930600248277187,
          "mean_s_control": 1.3868434950709343
        },
        "effect_drop": -0.014056262373923545,
        "control_inflation": -0.006944202817976475,
        "per_template_drop": {
          "RR": -0.025211966037750333,
          "NV": -0.006164512038231429,
          "NP_S": -0.02322615981101972,
          "NP_Z": -0.0014101028442388142,
          "COORD": -0.0033251762390138495
        }
      },
      {
        "head": 11,
        "summary_under_ablation": {
          "mean_delta": 4.34492729485035,
          "mean_s_gps": 10.279300718307494,
          "mean_s_normal": 5.934373423457146,
          "mean_s_control": 1.3778691673651338
        },
        "effect_drop": -0.015866381824015896,
        "control_inflation": -0.015918530523777008,
        "per_template_drop": {
          "RR": -0.06596076786518124,
          "NV": -0.008365315198898493,
          "NP_S": -0.02452518939971915,
          "NP_Z": 0.040029668807982866,
          "COORD": 0.024940156936644975
        }
      },
      {
        "head": 12,
        "summary_under_ablation": {
          "mean_delta": 4.345763251781464,
          "mean_s_gps": 10.270678117871284,
          "mean_s_normal": 5.9249148660898205,
          "mean_s_control": 1.3782690661028028
        },