{
  "step": "03_head_sweep_L54",
  "results": {
    "layer": 54,
    "n_heads": 32,
    "head_dim": 128,
    "baseline_summary": {
      "mean_delta": 4.360793676674366,
      "mean_s_gps": 10.294824184179307,
      "mean_s_normal": 5.93403050750494,
      "mean_s_control": 1.3937876978889108
    },
    "baseline_per_template": {
      "RR": 2.554285165667534,
      "NV": 6.169238728284836,
      "NP_S": 2.1515154123306273,
      "NP_Z": 6.951681089401245,
      "COORD": 5.400210809707642
    },
    "per_head": [
      {
        "head": 0,
        "summary_under_ablation": {
          "mean_delta": 4.369975651502609,
          "mean_s_gps": 10.294396079778672,
          "mean_s_normal": 5.924420428276062,
          "mean_s_control": 1.4172756094485521
        },
        "effect_drop": 0.009181974828243789,
        "control_inflation": 0.02348791155964136,
        "per_template_drop": {
          "RR": -0.0023455550273259185,
          "NV": 0.05656372308731061,
          "NP_S": -0.0014241755008694845,
          "NP_Z": 0.0020904064178468573,
          "COORD": -0.015603494644165217
        }
      },
      {
        "head": 1,
        "summary_under_ablation": {
          "mean_delta": 4.350946727693081,
          "mean_s_gps": 10.282859493494033,
          "mean_s_normal": 5.931912765800953,
          "mean_s_control": 1.3944086199626327
        },
        "effect_drop": -0.009846948981284243,
        "control_inflation": 0.0006209220737218857,
        "per_template_drop": {
          "RR": -0.019889614979426096,
          "NV": -0.012340939044952925,
          "NP_S": -0.009400129318237305,
          "NP_Z": -0.0001000404357913709,
          "COORD": 0.0048815727233888495
        }
      },
      {
        "head": 2,
        "summary_under_ablation": {
          "mean_delta": 4.349626077413559,
          "mean_s_gps": 10.269179962277413,
          "mean_s_normal": 5.919553884863854,
          "mean_s_control": 1.374810365960002
        },
        "effect_drop": -0.011167599260806682,
        "control_inflation": -0.018977331928908825,
        "per_template_drop": {
          "RR": -0.010934463143348783,
          "NV": -0.00028201043605857734,
          "NP_S": -0.031357121467590066,
          "NP_Z": -0.006212425231933771,
          "COORD": -0.003169488906860529
        }
      },
      {
        "head": 3,
        "summary_under_ablation": {
          "mean_delta": 4.395022697150707,
          "mean_s_gps": 10.27496209859848,
          "mean_s_normal": 5.879939401447773,
          "mean_s_control": 1.3884025448933244
        },
        "effect_drop": 0.034229020476341354,
        "control_inflation": -0.005385152995586395,
        "per_template_drop": {
          "RR": 0.012783271074294777,
          "NV": 0.04006642699241603,
          "NP_S": -0.041501015424728394,
          "NP_Z": 0.0601496696472168,
          "COORD": 0.18651022911071724
        }
      },
      {
        "head": 4,
        "summary_under_ablation": {
          "mean_delta": 4.3441112115979195,
          "mean_s_gps": 10.276687797904014,
          "mean_s_normal": 5.932576586306095,
          "mean_s_control": 1.4122180892154574
        },
        "effect_drop": -0.016682465076446107,
        "control_inflation": 0.01843039132654667,
        "per_template_drop": {
          "RR": -0.02600071032842033,
          "NV": -0.0104275643825531,
          "NP_S": -0.0012933135032651144,
          "NP_Z": -0.02383143901824969,
          "COORD": -0.01771788597106916
        }
      },
      {
        "head": 5,
        "summary_under_ablation": {
          "mean_delta": 4.3499171629548075,
          "mean_s_gps": 10.27749494791031,
          "mean_s_normal": 5.927577784955502,
          "mean_s_control": 1.3940122667700052
        },
        "effect_drop": -0.010876513719558112,
        "control_inflation": 0.00022456888109445572,
        "per_template_drop": {
          "RR": -0.04258139530817706,
          "NV": 0.007123780250549494,
          "NP_S": -0.006365168094634832,
          "NP_Z": -0.0003620624542239881,
          "COORD": 0.018185949325561168
        }
      },
      {
        "head": 6,
        "summary_under_ablation": {
          "mean_delta": 4.32565632969141,
          "mean_s_gps": 10.288236863613129,
          "mean_s_normal": 5.962580533921718,
          "mean_s_control": 1.3705783998593688
        },
        "effect_drop": -0.0351373469829559,
        "control_inflation": -0.02320929802954197,
        "per_template_drop": {
          "RR": -0.12060672044754028,
          "NV": 0.007643157243728105,
          "NP_S": -0.008801323175430031,
          "NP_Z": 0.00655260086059517,
          "COORD": -0.00034217834472638486
        }
      },
      {
        "head": 7,
        "summary_under_ablation": {
          "mean_delta": 4.385083302557469,
          "mean_s_gps": 10.303740347623824,
          "mean_s_normal": 5.9186570450663565,
          "mean_s_control": 1.373856684193015
        },
        "effect_drop": 0.024289625883103128,
        "control_inflation": -0.019931013695895672,
        "per_template_drop": {
          "RR": 0.03358897566795349,
          "NV": -0.0084676593542099,
          "NP_S": -0.0027417063713071066,
          "NP_Z": 0.00710718631744367,
          "COORD": 0.15033369064331037
        }
      },
      {
        "head": 8,
        "summary_under_ablation": {
          "mean_delta": 4.332527186274529,
          "mean_s_gps": 10.283477995991706,
          "mean_s_normal": 5.950950809717178,
          "mean_s_control": 1.3685207478702068
        },
        "effect_drop": -0.02826649039983664,
        "control_inflation": -0.025266950018703938,
        "per_template_drop": {
          "RR": -0.08606420258680991,
          "NV": -0.022400778532028376,
          "NP_S": -0.034813797473907115,
          "NP_Z": -0.015384459495544789,
          "COORD": 0.12072577476501412
        }
      },
      {
        "head": 9,
        "summary_under_ablation": {
          "mean_delta": 4.387992635369301,
          "mean_s_gps": 10.363099216222762,
          "mean_s_normal": 5.9751065808534625,
          "mean_s_control": 1.3814487289637327
        },
        "effect_drop": 0.02719895869493527,
        "control_inflation": -0.012338968925178051,
        "per_template_drop": {
          "RR": -0.014218726754188893,
          "NV": 0.020008581876754583,
          "NP_S": 0.03886426091194162,
          "NP_Z": 0.057363653182982866,
          "COORD": 0.08217277526855415
        }
      },
      {
        "head": 10,
        "summary_under_ablation": {
          "mean_delta": 4.292556890547275,
          "mean_s_gps": 10.191848503351212,
          "mean_s_normal": 5.899291612803936,
          "mean_s_control": 1.3704429045319557
        },
        "effect_drop": -0.06823678612709028,
        "control_inflation": -0.02334479335695505,
        "per_template_drop": {
          "RR": -0.037677989403407164,
          "NV": -0.0825665503740316,
          "NP_S": -0.06933200359344482,
          "NP_Z": -0.11020076274871826,
          "COORD": -0.0451352596282959
        }
      },
      {
        "head": 11,
        "summary_under_ablation": {
          "mean_delta": 4.388155281841755,
          "mean_s_gps": 10.346113333702087,
          "mean_s_normal": 5.957958051860333,
          "mean_s_control": 1.3790715802460909
        },
        "effect_drop": 0.027361605167389058,
        "control_inflation": -0.014716117642819881,
        "per_template_drop": {
          "RR": -0.02592428723971052,
          "NV": 0.0857587248086924,
          "NP_S": 0.025543236732483265,
          "NP_Z": 0.03762922286987269,
          "COORD": 0.05352654457092232
        }
      },
      {
        "head": 12,
        "summary_under_ablation": {
          "mean_delta": 4.341656019389629,
          "mean_s_gps": 10.304064005613327,
          "mean_s_normal": 5.962407986223698,
          "mean_s_control": 1.4001835230737925
        },
        "effect_drop": -0.019137657284736598,